patent_no,seq_no,seq_peptides
JP2009518370A,SEQ_ID_NO_1,VKQIESKTAFQEALDAAGDK
JP2009518370A,SEQ_ID_NO_2,AAGDKLVVVDFSATWCGPCK
JP2009518370A,SEQ_ID_NO_3,CGPCKMIKPFFHSLSEKYSN
JP2009518370A,SEQ_ID_NO_4,EKYSNVIFLEVDVDDCQDVA
JP2009518370A,SEQ_ID_NO_5,CQDVASECEVKCMPTFQFFK
JP2009518370A,SEQ_ID_NO_6,FQFFKKGQKVGEFSGANKEK
JP2009518370A,SEQ_ID_NO_7,ANKEKLEATINELV
JP2009518370A,SEQ_ID_NO_8,SATYCGPCKMIKP
JP2009518370A,SEQ_ID_NO_9,CGPCKMIKP
JP2009518370A,SEQ_ID_NO_10,IPCMPKCKG
JP2009518370A,SEQ_ID_NO_11,AGPAKMIKP
JP2009518370A,SEQ_ID_NO_12,IPAMPKAKG
JP2009518370A,SEQ_ID_NO_13,KMIPK
JP2009518370A,SEQ_ID_NO_15,KMIKPFFHSLSEKYSN
JP2009518370A,SEQ_ID_NO_16,CGPCKMIKPFFHSLSE
JP2009518370A,SEQ_ID_NO_17,AGPAKMIKPFFHSLSEKYSN
JP2009518370A,SEQ_ID_NO_18,SATYCGPCKMIKP
JP2009518370A,SEQ_ID_NO_19,WCGPCKMIKPFF
JP2016084331A,SEQ_ID_NO_1,LRDGEIILRY
KR20110122548A,SEQ_ID_NO_1,GRKKRRQRRRGDLCYADLTL
KR20110122548A,SEQ_ID_NO_2,GRKKRRQRRRVEVEYVTMAS
KR20110122548A,SEQ_ID_NO_3,GRKKRRQRRREDISYASLTL
KR20110122548A,SEQ_ID_NO_4,GRKKRRQRRRQEPTYCNMGH
KR20110122548A,SEQ_ID_NO_5,GRKKRRQRRREPTEYSTISR
KR20110122548A,SEQ_ID_NO_6,GRKKRRQRRR
KR20150042447A,SEQ_ID_NO_1,RLWLAIFRR
KR20150042447A,SEQ_ID_NO_2,RLWAAIWRR
KR20150042447A,SEQ_ID_NO_3,RLWLAAWRR
KR20150042447A,SEQ_ID_NO_4,RLWLAILRR
KR20150042447A,SEQ_ID_NO_5,RRWLAIWRR
KR20150042447A,SEQ_ID_NO_6,RLFLAIWRR
KR20150042447A,SEQ_ID_NO_7,RLLLAIWRR
KR20150042447A,SEQ_ID_NO_8,RLWLAIWRR
KR20150050627A,SEQ_ID_NO_1,GEILHRFRRSFCDY
KR20150050631A,SEQ_ID_NO_1,LLCIALRKK
KR20160003611A,SEQ_ID_NO_1,ACRSAIGRPC
KR20160003611A,SEQ_ID_NO_2,ACFTRTSHAC
KR20160003611A,SEQ_ID_NO_3,ACDGRTQALC
KR20160147293A,SEQ_ID_NO_1,GSGA
KR20170027619A,SEQ_ID_NO_3,TFLLRN
KR20170027619A,SEQ_ID_NO_4,ANSFLEELRHSSLERECIEEICDFEEAKEIFQNVDDTLAFWSKHV
KR20170027619A,SEQ_ID_NO_13,GPLGLAG
KR20170119303A,SEQ_ID_NO_1,TMRD
KR20170119303A,SEQ_ID_NO_2,DNCLR
KR20170119303A,SEQ_ID_NO_3,GVQHQASPY
KR20170119304A,SEQ_ID_NO_1,TMRD
KR20170119304A,SEQ_ID_NO_2,DNCLR
KR20170119304A,SEQ_ID_NO_3,GVQHQASPY
KR20180117259A,SEQ_ID_NO_1,KKIWKKWIKI
KR20180117259A,SEQ_ID_NO_2,KKIWKKWIKI
KR20180117259A,SEQ_ID_NO_3,WIKKIWKKIK
KR20180117259A,SEQ_ID_NO_4,RRIIRRIWRW
KR20180117259A,SEQ_ID_NO_5,RRIWRRWIRI
KR20180117259A,SEQ_ID_NO_6,WIRRIWRRIR
KR20180117259A,SEQ_ID_NO_7,KKIIKKIIKKIWKW
KR20180117259A,SEQ_ID_NO_8,KKIWKKWIKKIIKI
KR20180117259A,SEQ_ID_NO_9,WIKKIWKKIIKKIK
KR20180117259A,SEQ_ID_NO_10,WIKKIWKKIIKEIK
KR20190033839A,SEQ_ID_NO_1,GFGMALKLLKKVL
KR20190108416A,SEQ_ID_NO_1,GKCSTRGRKCCRRKK
KR20190108416A,SEQ_ID_NO_2,GKCSTRGRKCMRRKK
KR20190108416A,SEQ_ID_NO_3,GKCSTRGRKMCRRKK
KR20190108416A,SEQ_ID_NO_4,GKCSTRGRKMMRRKK
KR20190108416A,SEQ_ID_NO_5,GKMSTRGRKCCRRKK
KR20190108416A,SEQ_ID_NO_6,GKMSTRGRKMCRRKK
KR20190108416A,SEQ_ID_NO_7,GKMSTRGRKCMRRKK
KR20190108416A,SEQ_ID_NO_8,GKMSTRGRKMMRRKK
KR20200135601A,SEQ_ID_NO_1,TKTPRDKERERYRERERDRERDRDRDRERED
KR20200135601A,SEQ_ID_NO_2,GMSNSYAECYPATMDDMAVDSDEEVDYSKMD
KR20200135601A,SEQ_ID_NO_3,TPRDKERERYRERERDRERDRDRDRER
KR20200135601A,SEQ_ID_NO_4,YPATMDDMAVDSDEEVDY
KR20200135601A,SEQ_ID_NO_5,YPATMDDMA
KR20200135601A,SEQ_ID_NO_6,YPATMFDMA
KR20200135601A,SEQ_ID_NO_7,YPATMFDIA
KR20200135601A,SEQ_ID_NO_8,ATMFDIA
KR20200135601A,SEQ_ID_NO_9,ATMFDFA
KR20200135601A,SEQ_ID_NO_10,HSDAVFTDNYTRLRKQMAVKKYLNSILN
KR20210154637A,SEQ_ID_NO_1,MKTFLRLYRSLINKVLH
KR20220061018A,SEQ_ID_NO_1,AVSSIKGAY
KR20220061018A,SEQ_ID_NO_2,AVSSI
KR20220061018A,SEQ_ID_NO_3,KGAY
KR20220061018A,SEQ_ID_NO_4,AVS
KR20220061018A,SEQ_ID_NO_5,GAY
KR20220086511A,SEQ_ID_NO_1,GCVTVLRCGEIV
KR20220086511A,SEQ_ID_NO_2,GCETVLRCGEIV
KR20220086511A,SEQ_ID_NO_3,GCVTELRCGEIV
KR20220086511A,SEQ_ID_NO_4,GCETELRCGEIV
KR20220086511A,SEQ_ID_NO_5,GCVSVLRCGEIV
KR20220086511A,SEQ_ID_NO_6,GCVSVLRCGEIV
KR20220086511A,SEQ_ID_NO_7,GCVTVLLCGEIV
KR20220086511A,SEQ_ID_NO_8,GCESEILCGEIV
KR20220086511A,SEQ_ID_NO_9,GCVCGEIV
KR20220086511A,SEQ_ID_NO_10,GCVTCGEIV
KR20220086511A,SEQ_ID_NO_11,GCVTVCGEIV
KR20220086511A,SEQ_ID_NO_12,GCVTVLCGEIV
KR20220086511A,SEQ_ID_NO_13,GCRCGEIV
KR20220086511A,SEQ_ID_NO_14,GCLRCGEIV
KR20220086511A,SEQ_ID_NO_15,GCVLRCGEIV
KR20220086511A,SEQ_ID_NO_16,GCTVLRCGEIV
KR20230040782A,SEQ_ID_NO_1,CVLKKAYFLTNLKLRG
KR20230040784A,SEQ_ID_NO_1,VFIIFSKKISRK
KR20230062337A,SEQ_ID_NO_1,GFGXALKLLKKVL
KR20230062337A,SEQ_ID_NO_2,GFGMALKLLKKVL
KR20230062337A,SEQ_ID_NO_3,GFGKALKLLKKVL
KR20230066252A,SEQ_ID_NO_1,ERRPRGRRRGRKC
KR20230066252A,SEQ_ID_NO_2,ERRPRGRRRGRK
KR20230066252A,SEQ_ID_NO_3,RRPRGRRRGRKC
KR20230066252A,SEQ_ID_NO_4,PRGRRRGRKC
KR20230066252A,SEQ_ID_NO_5,ERRPRGRRRG
KR20230066252A,SEQ_ID_NO_6,EKKPRGKKKGRKC
KR20230066252A,SEQ_ID_NO_7,RRPRRRRGRKC
KR20230066252A,SEQ_ID_NO_8,ERRPRGRGR
KR20230066252A,SEQ_ID_NO_9,RPRGRGRKC
KR20230066252A,SEQ_ID_NO_10,KKPERRPRGRRRGRKCG
KR20230066252A,SEQ_ID_NO_11,SKKPERRPRGRRRGRKC
KR20230066252A,SEQ_ID_NO_12,ERRPR
KR20230066252A,SEQ_ID_NO_13,RPRGR
KR20230066252A,SEQ_ID_NO_14,PRGRR
KR20230066252A,SEQ_ID_NO_15,RGRRR
KR20230066252A,SEQ_ID_NO_16,PGRKC
KR20230087378A,SEQ_ID_NO_1,WLLKWLKKL
KR20230087378A,SEQ_ID_NO_2,KWLLKWLLK
KR20230087378A,SEQ_ID_NO_3,LKWLLKWLK
KR20230087378A,SEQ_ID_NO_4,LLKWLKKWL
KR20230087378A,SEQ_ID_NO_5,KLLKWLLKW
KR20230087378A,SEQ_ID_NO_6,LKWLKWLLK
KR20230087378A,SEQ_ID_NO_7,LKKWLKWLL
KR20230087378A,SEQ_ID_NO_8,WLKKLLKWL
KR20230087378A,SEQ_ID_NO_9,KWLLKLLKW
KR20230087378A,SEQ_ID_NO_10,ILRWPWWPWRRK
US10676507B2,SEQ_ID_NO_9,ALTSRVRF
US10676507B2,SEQ_ID_NO_3,ALSSRLRF
US10676507B2,SEQ_ID_NO_12,ALTSKLRF
US10676507B2,SEQ_ID_NO_6,ALSTRLRF
US10676507B2,SEQ_ID_NO_8,ALTSRVRG
US10676507B2,SEQ_ID_NO_11,ALSTRLRG
US10676507B2,SEQ_ID_NO_5,ALSTRLRG
US10676507B2,SEQ_ID_NO_10,ALTSKLRA
US10676507B2,SEQ_ID_NO_7,ALTSRVRA
US10676507B2,SEQ_ID_NO_1,ALSSRLRA
US10676507B2,SEQ_ID_NO_4,ALSTRLRA
US10676507B2,SEQ_ID_NO_2,ALSSRLRG
US11013783B2,SEQ_ID_NO_24,AMGAAQWQNFHKNLITIVGNKYVQGFLDNTVGAVFSGTWTPGD
US11013783B2,SEQ_ID_NO_13,IWTLDNVKTFNTNIVTLVGNTFLQSTINRTIGVLFSGNTTWKE
US11013783B2,SEQ_ID_NO_33,GXXXXXYXLG
US11013783B2,SEQ_ID_NO_15,ITIVGNKYVQGFLDNTVGAV
US11013783B2,SEQ_ID_NO_23,XXXXXXXXXXXXNXXXXXXNXXXXXXXXXXXXXXFXGXXXXXX
US11013783B2,SEQ_ID_NO_47,KGNTFLQSTINRTIGVL
US11013783B2,SEQ_ID_NO_31,AMGAAQWQNFHKNLVTIVGNKYVQGFLDNTVGAVFSGTWTPGV
US11013783B2,SEQ_ID_NO_44,NTFLQSTINRTIGVL
US11013783B2,SEQ_ID_NO_37,LVGNTFLQSTINRTIGVL
US11013783B2,SEQ_ID_NO_48,VKGNPIEKNNFGDYAMNALGIAAAVYNLGVAPTKNTVKETEVKFTV
US11013783B2,SEQ_ID_NO_20,VTIIGNSYVSKLVGATLGVM
US11013783B2,SEQ_ID_NO_28,AWTAESVKRFNSNIITLVSNSFTSHLLKATLGTMFSGSWGSDG
US11013783B2,SEQ_ID_NO_38,TLVGNTFLQSTINRTIGVL
US11013783B2,SEQ_ID_NO_18,ITLISNSFFKKTVSNTLGVM
US11013783B2,SEQ_ID_NO_30,VWGAANVKTFNTNLITIIGNSYVSKVLGATLGVMFSGAWGTKD
US11013783B2,SEQ_ID_NO_26,AMTTANWQNVSANVIKIVGNSFLAKYTNDVLAQLFDGNYVPGD
US11013783B2,SEQ_ID_NO_40,IWTLDNVKTFNTNIVTLVGNTFLQSTINRTIGVLFSGNTTWK
US11013783B2,SEQ_ID_NO_27,IWNAANVKKFNTNLITLISNSFFKKTVSNTLGVMFGGNWGKDG
US11013783B2,SEQ_ID_NO_35,GNTFLQSTINRTIGVL
US11013783B2,SEQ_ID_NO_46,NYSVIAENEMTYVNGGANFIDAIGAVTAPIWTLDNVKTFNTNIVTLV
US11013783B2,SEQ_ID_NO_25,AMGAAQWQNFHKNLITIVGNKYVQGFLDNTVGAMFSGTWTPGD
US11013783B2,SEQ_ID_NO_19,ITLVSNSFTSHLLKATLGTM
US11013783B2,SEQ_ID_NO_36,VGNTFLQSTINRTIGVL
US11013783B2,SEQ_ID_NO_45,AAVYNLGVAPTKNTVKETEVKFTV
US11013783B2,SEQ_ID_NO_17,IKIVGNSFLAKYTNDVLAQL
US11013783B2,SEQ_ID_NO_21,ITIIGNSYVSKVLGATLGVM
US11013783B2,SEQ_ID_NO_22,IVGNKYVQGFLDNTVGAV
US11013783B2,SEQ_ID_NO_12,VTLVGNTFLQSTINRTIGVL
US11013783B2,SEQ_ID_NO_34,FSGNTTWKEVGNIGKNLFGTNVKGNPIEKNNFGDYAMNALGIA
US11013783B2,SEQ_ID_NO_16,ITIVGNKYVQGFLDNTVGAM
US11013783B2,SEQ_ID_NO_14,XXXXXNXXXXXXXXXXXXXX
US11013783B2,SEQ_ID_NO_39,VTLVGNTFLQSTINRTIGVL
US11013783B2,SEQ_ID_NO_29,IWTTANVKTFNTNLVTIIGNSYVSKLVGATLGVMFGGNWGGDG
US4816449A,SEQ_ID_NO_3,PRKTKGSGFFVF
US4816449A,SEQ_ID_NO_6,HNEVQLPDARH
US4816449A,SEQ_ID_NO_8,RAVHEAASPSQTV
US4816449A,SEQ_ID_NO_5,YSKLTVDKSR
US4816449A,SEQ_ID_NO_2,VFSRLEVTRAE
US4816449A,SEQ_ID_NO_1,YSKLTVDKSR
US4816449A,SEQ_ID_NO_4,TVLHQNWLDGKEYK
US4816449A,SEQ_ID_NO_7,PDARHSTTQPR
US5776892A,SEQ_ID_NO_24,QVRPR
US5776892A,SEQ_ID_NO_64,TTSQVRLR
US5776892A,SEQ_ID_NO_18,YTARKLPRNF
US5776892A,SEQ_ID_NO_88,TTSEVEPR
US5776892A,SEQ_ID_NO_43,TTSQVRAR
US5776892A,SEQ_ID_NO_16,TTQGVHPK
US5776892A,SEQ_ID_NO_73,TTSQVRPX
US5776892A,SEQ_ID_NO_42,TTSQVAPR
US5776892A,SEQ_ID_NO_51,TKSQVRPR
US5776892A,SEQ_ID_NO_84,TTSQVRPR
US5776892A,SEQ_ID_NO_50,KTSQVRPR
US5776892A,SEQ_ID_NO_37,ATSQVRPR
US5776892A,SEQ_ID_NO_5,TTSQVRPRHIT
US5776892A,SEQ_ID_NO_77,TTSXVRPR
US5776892A,SEQ_ID_NO_49,TTSQVRR
US5776892A,SEQ_ID_NO_25,TSQVRPR
US5776892A,SEQ_ID_NO_23,TTSLNPDYR
US5776892A,SEQ_ID_NO_19,YTREASSNF
US5776892A,SEQ_ID_NO_62,TTSQLRPR
US5776892A,SEQ_ID_NO_81,TTSQVRPX
US5776892A,SEQ_ID_NO_80,TTSQVRXR
US5776892A,SEQ_ID_NO_27,TTSQVR
US5776892A,SEQ_ID_NO_63,TTSQVLPR
US5776892A,SEQ_ID_NO_41,TTSQARPR
US5776892A,SEQ_ID_NO_15,QVKTVKQVS
US5776892A,SEQ_ID_NO_56,TTSQVRKR
US5776892A,SEQ_ID_NO_57,TTSQVRPK
US5776892A,SEQ_ID_NO_8,TTSGIHPK
US5776892A,SEQ_ID_NO_54,TTSQKRPR
US5776892A,SEQ_ID_NO_34,TTSQVEPR
US5776892A,SEQ_ID_NO_33,TTSQERPR
US5776892A,SEQ_ID_NO_72,TTSQVRXR
US5776892A,SEQ_ID_NO_91,TTSEVAPR
US5776892A,SEQ_ID_NO_74,XXXXXXXX
US5776892A,SEQ_ID_NO_3,SQVRPR
US5776892A,SEQ_ID_NO_26,TTSQVRP
US5776892A,SEQ_ID_NO_10,TTSQ
US5776892A,SEQ_ID_NO_13,TYSKPFHK
US5776892A,SEQ_ID_NO_38,TASQVRPR
US5776892A,SEQ_ID_NO_79,TTSQVXPR
US5776892A,SEQ_ID_NO_28,TTSQ
US5776892A,SEQ_ID_NO_7,TSQVR
US5776892A,SEQ_ID_NO_30,TESQVRPR
US5776892A,SEQ_ID_NO_69,TTSXVRPR
US5776892A,SEQ_ID_NO_22,VQVRKIEIVRKKPI
US5776892A,SEQ_ID_NO_46,TTSVRPR
US5776892A,SEQ_ID_NO_71,TTSQVXPR
US5776892A,SEQ_ID_NO_44,TTSQVRPA
US5776892A,SEQ_ID_NO_65,TTSQVRPL
US5776892A,SEQ_ID_NO_17,YIARPLPR
US5776892A,SEQ_ID_NO_35,TTSQVRER
US5776892A,SEQ_ID_NO_47,TTSQRPR
US5776892A,SEQ_ID_NO_31,TTEQVRPR
US5776892A,SEQ_ID_NO_75,TXSQVRPR
US5776892A,SEQ_ID_NO_78,TTSQXRPR
US5776892A,SEQ_ID_NO_29,ETSQVRPR
US5776892A,SEQ_ID_NO_55,TTSQVKPR
US5776892A,SEQ_ID_NO_76,TTXQVRPR
US5776892A,SEQ_ID_NO_61,TTSLVRPR
US5776892A,SEQ_ID_NO_53,TTSKVRPR
US5776892A,SEQ_ID_NO_11,VTRPTQRS
US5776892A,SEQ_ID_NO_2,VKTTSQVRPR
US5776892A,SEQ_ID_NO_89,TTEEVRPR
US5776892A,SEQ_ID_NO_39,TTAQVRPR
US5776892A,SEQ_ID_NO_32,TTSEVRPR
US5776892A,SEQ_ID_NO_36,TTSQVRPE
US5776892A,SEQ_ID_NO_90,TTEEVEPR
US5776892A,SEQ_ID_NO_1,TTSQVRPR
US5776892A,SEQ_ID_NO_87,TTSQVRPR
US5776892A,SEQ_ID_NO_58,LTSQVRPR
US5776892A,SEQ_ID_NO_52,TTKQVRPR
US5776892A,SEQ_ID_NO_12,TTSGIHPK
US5776892A,SEQ_ID_NO_85,TTSQVRPR
US5776892A,SEQ_ID_NO_66,XTSQVRPR
US5776892A,SEQ_ID_NO_6,TTSQV
US5776892A,SEQ_ID_NO_40,TTSAVRPR
US5776892A,SEQ_ID_NO_70,TTSQXRPR
US5776892A,SEQ_ID_NO_86,TTSQVRPR
US5776892A,SEQ_ID_NO_48,TTSQVPR
US5776892A,SEQ_ID_NO_82,TTSQVRPR
US5776892A,SEQ_ID_NO_45,TTQVRPR
US5776892A,SEQ_ID_NO_83,TTSQVRPR
US5776892A,SEQ_ID_NO_67,TXSQVRPR
US5776892A,SEQ_ID_NO_14,TLQGIHPK
US5776892A,SEQ_ID_NO_60,TTLQVRPR
US5776892A,SEQ_ID_NO_21,THVLLTHTI
US5776892A,SEQ_ID_NO_20,TTSHVKPQ
US5776892A,SEQ_ID_NO_59,TLSQVRPR
US5776892A,SEQ_ID_NO_4,VRPR
US5776892A,SEQ_ID_NO_68,TTXQVRPR
US5912232A,SEQ_ID_NO_8,RCQCIKTYSKPFHPH
US5912232A,SEQ_ID_NO_2,RCQCLQTLQGIHPK
US5912232A,SEQ_ID_NO_9,RCQCLQTVAGIHFK
US5912232A,SEQ_ID_NO_1,RCQCIKTYSKPFHPK
US5912232A,SEQ_ID_NO_7,RCQCISTHSKFIHPK
US5912232A,SEQ_ID_NO_11,XXRCXCXXXXXXXXXXXXXXXXXXXX
US5912232A,SEQ_ID_NO_4,RCQCLQTMTGVHLK
US5912232A,SEQ_ID_NO_3,RCQCLQTLQGHLK
US5912232A,SEQ_ID_NO_6,RCMCIKTTSGIHPK
US5912232A,SEQ_ID_NO_10,RCVCLQTTQVGHPK
US5912232A,SEQ_ID_NO_5,RCQCLQTLQGHLK
US6337315B1,SEQ_ID_NO_1,EHXRWG
US6337315B1,SEQ_ID_NO_3,HXRW
US6337315B1,SEQ_ID_NO_2,EHXRWG
US6337315B1,SEQ_ID_NO_4,HXRWG
US6767890B1,SEQ_ID_NO_1,LPPSR
US6767890B1,SEQ_ID_NO_3,XPPXX
US6803044B1,SEQ_ID_NO_1,MEHFRWG
US6803044B1,SEQ_ID_NO_3,SYSMEHFRWGKPV
US6803044B1,SEQ_ID_NO_2,HFRWGKPV
US6803044B1,SEQ_ID_NO_4,CKPV
WO2008009085A1,SEQ_ID_NO_1,Ile_Pro_Arg_Cys_Arg_Lys_Met_Pro_Gly_Val_Lys_NMet_Cys
WO2008009085A1,SEQ_ID_NO_2,Val_Glu_Gin_Cys_Thr_Ile_Ile_Gly_Asp_Glu_Lys_Asp_Cys
WO2008009085A1,SEQ_ID_NO_3,Val_Glu_Gin_Cys_Thr_Ile_Ile_Gly_Asp_Ala_Lys_Asp_Cys
WO2008009085A1,SEQ_ID_NO_4,Val_Gln_Gin_Cys_Ser_Glu_Ile_Ala_Gly_Ala_Lys_Pro_Cys
WO2008009085A1,SEQ_ID_NO_5,Leu_His_Arg_Cys_Asp_Lys_Ile_Ala_Asp_Ala_Lys_Pro_Cys
WO2008009085A1,SEQ_ID_NO_6,Ile_Pro_Arg_Cys_Arg_Ala_Met_Pro_Gly_Val_Lys_Met_Cys
WO2008009085A1,SEQ_ID_NO_7,Ile_Pro_Arg_Cys_Arg_Lys_Met_Pro_Gly_Val_Lys_Met_Cys
WO2008009085A1,SEQ_ID_NO_8,Ile_Pro_Arg_Cys_Arg_Lys_Met_Pro_Gly_Val_Lys_Met_Cys
WO2008009085A1,SEQ_ID_NO_9,Ile_Pro_Arg_Cys_Arg_Lys_Met_Pro_Gly_Val_Lys_Met_Cys
WO2008142517A3,SEQ_ID_NO_1,Lys_Pro_val_Xaa_Xaa_Val_Pro_Lys
WO2008142517A3,SEQ_ID_NO_2,Lys_Pro_Val_Xaa_Xaa_val_Pro_Lys
WO2008142517A3,SEQ_ID_NO_3,Lys_Pro_val_xaa_xaa_val_Pro_Lys
WO2008142517A3,SEQ_ID_NO_4,Lys_Pro_Val_Xaa_Xaa_Val_Pro_Lys
WO2008142517A3,SEQ_ID_NO_5,Lys_Pro_val_xaa_xaa_val_Pro_Lys
WO2008142517A3,SEQ_ID_NO_6,Lys_Pro_val_xaa_xaa_Val_Pro_Lys
WO2008142517A3,SEQ_ID_NO_7,Lys_Pro_val_xaa_xaa_val_Pro_Lys
WO2008142517A3,SEQ_ID_NO_8,Lys_Pro_val_xaa_xaa_val_Pro_Lys
WO2008142517A3,SEQ_ID_NO_9,Lys_Pro_Val_Xaa_Xaa_Val_Pro_Lys
WO2008142517A3,SEQ_ID_NO_10,Lys_Pro_val_Xaa_Xaa_val_Pro_Lys
WO2008142517A3,SEQ_ID_NO_11,Lys_Pro_val_xaa_xaa_val_Pro_Lys
WO2008142517A3,SEQ_ID_NO_12,Lys_Pro_val_xaa_xaa_Val_Pro_Lys
WO2008142517A3,SEQ_ID_NO_13,Lys_Pro_val_Xaa_Xaa_Val_Pro_Lys
WO2008142517A3,SEQ_ID_NO_14,Lys_Pro_Val_Xaa_Xaa_Val_Pro_Lys
WO2008142517A3,SEQ_ID_NO_15,Lys_Pro_Val_Xaa_Xaa_Val_Pro_Lys
WO2008142517A3,SEQ_ID_NO_16,Lys_Pro_val_Xaa_Xaa_Val_Pro_Lys
WO2013105089A8,SEQ_ID_NO_1,Lys_Lys_Ala_Leu_Ala_Leu_Ala_Leu_Ala_Leu_Ala_Leu_Ala_Leu_Ala_Leu_Ala_Leu_Lys_Lys
WO2013105089A8,SEQ_ID_NO_2,Ala_Leu_Ala_Leu_Ala_Leu_Ala_Leu_Ala_Leu_Ala_Leu_Ala_Leu_Ala_Leu_Ala_Leu_Lys_Lys
WO2013105089A8,SEQ_ID_NO_3,Lys_Ala_Leu_Ala_Leu_Ala_Leu_Ala_Leu_Ala_Leu_Ala_Leu_Ala_Leu_Ala_Leu_Ala_Leu_Lys
WO2013105089A8,SEQ_ID_NO_4,Ala_Leu_Ala_Leu_Ala_Leu_Ala_Leu_Ala_Leu_Ala_Leu_Ala_Leu_Lys
WO2013105089A8,SEQ_ID_NO_5,Lys_Lys_Ala_Leu_Ala_Leu_Ala_Leu_Ala_Leu_Ala_Leu_Ala_Lys_Lys
WO2013105089A8,SEQ_ID_NO_6,Ala_Leu_Ala_Leu_Ala_Leu_Ala_Leu_Ala_Leu_Ala_Leu_Ala_Lys_Lys
WO2013105089A8,SEQ_ID_NO_7,Lys_Ala_Leu_Ala_Leu_Ala_Leu_Ala_Leu_Ala_Leu_Ala_Leu_Ala_Leu_Lys
WO2013105089A8,SEQ_ID_NO_8,Lys_Lys_Ala_Val_Ala_Val_Ala_Val_Ala_Val_Ala_Val_Ala_Val_Ala_Val_Ala_Val_Lys_Lys
WO2013105089A8,SEQ_ID_NO_9,Lys_Ala_Leu_Ala_Leu_Ala_Leu_Lys_Ala_Leu_Ala_Leu_Lys_Ala_Leu_Ala_Leu_Ala_Leu_Lys
WO2013105089A8,SEQ_ID_NO_10,Lys_Lys_Ala_Leu_Ala_Leu_Ala_Leu_Ala_Leu_Ala_Leu_Ala_Leu_Ala_Leu_Ala_Leu_Lys_Lys
WO2013105089A8,SEQ_ID_NO_11,Ala_Leu_Ala_Leu_Ala_Leu_Ala_Leu_Ala_Leu_Ala_Leu_Ala_Leu_Ala_Leu_Ala_Leu_Lys_Lys
WO2015072750A1,SEQ_ID_NO_1,Glu_Ala_Arg_Pro_Ala_Leu_Leu_Thr_Ser_Arg_Leu_Arg_Phe_Ile_Pro_Lys
WO2015072750A1,SEQ_ID_NO_2,Val_Arg_Gln_His_Arg_Glu_Ala_Arg_Pro_Ala_Leu_Leu_Thr_Ser_Arg_Leu_Arg_Phe_Ile_Pro_Lys
WO2015072750A1,SEQ_ID_NO_3,Arg_Gln_His_Arg_Glu_Ala_Arg_Pro_Ala_Leu_Leu_Thr_Ser_Arg_Leu_Arg_Phe_Ile_Pro_Lys_Pro_Asp_Gly_Leu_Arg
WO2015072750A1,SEQ_ID_NO_4,Glu_Ala_Arg_Pro_Ala_Leu_Leu_Thr_Ser_Arg_Leu_Arg_Phe_Ile_Pro_Lys_Pro_Asp_Gly_Leu_Arg_Pro_Ile_Val_Asn_Met_Asp_Tyr_Val_Val
WO2015072750A1,SEQ_ID_NO_5,Ser_Tyr_Leu_Pro_Asn_Thr_Val_Thr_Asp_Ala_Leu_Arg_Gly_Ser_Gly_Ala_Trp_Gly_Leu_Leu
WO2015072750A1,SEQ_ID_NO_6,Glu_Ala_Thr_Ser_Leu_Glu_Gly_Ala_Leu_Ser_Gly_Thr_Arg_His_Ser_His_Pro_Ser_Val_Gly
WO2015072750A1,SEQ_ID_NO_7,Asp_Pro_Pro_Pro_Glu_Leu_Tyr_Phe_Val_Lys_Val_Asp_Val_Thr_Gly_Ala_Tyr_Asp_Thr_Ile
WO2015072750A1,SEQ_ID_NO_8,Ile_Tyr_Lys_Ile_Leu_Leu_Leu_Gln_Ala_Tyr_Arg_Phe_His_Ala_Cys_Val_Leu_Gln_Leu_Pro
WO2015072750A1,SEQ_ID_NO_9,Ser_Leu_Pro_Leu_Pro_Lys_Arg_Pro_Arg_Arg_Gly_Ala_Ala_Pro_Glu_Pro_Glu_Arg_Thr_Pro
WO2015072750A1,SEQ_ID_NO_10,Val_Gly_Gln_Gly_Ser_Trp_Ala_His_Pro_Gly_Arg_Thr_Arg_Gly_Pro_Ser_Asp_Arg_Gly_Phe
WO2015072750A1,SEQ_ID_NO_11,Cys_Val_Val_Ser_Pro_Ala_Arg_Pro_Ala_Glu_Glu_Ala_Thr_Ser_Leu_Glu_Gly_Ala_Leu_Ser
WO2015072750A1,SEQ_ID_NO_12,Arg_Pro_Ser_Leu_Thr_Gly_Ala_Arg_Arg_Leu_Val_Glu_Thr_Ile_Phe_Leu_Gly_Ser_Arg_Pro
WO2015072750A1,SEQ_ID_NO_13,Pro_Leu_Phe_Leu_Glu_Leu_Leu_Gly_Asn_His_Ala_Gln_Cys_Pro_Tyr_Gly_Val_Leu_Leu_Lys
WO2015072750A1,SEQ_ID_NO_14,Val_Ile_Glu_Gln_Ser_Ser_Ser_Leu_Asn_Glu_Ala_Ser_Ser_Gly_Leu_Phe_Asp_Val_Phe_Leu
WO2017012132A1,SEQ_ID_NO_1,Gly_Try_Leu_Lys_Lys_Ile_Gly_Lys_Lys_Ile_Glu_Arg_Val_Gly_Gln_Asn_Val_Arg_Asn_Ala_Ala_Ile_Ser_Thr_Ile_Pro_Ile_Ala_Gln_Gly_Ala_Ala_Gly_Val_Ala_Gly_Ala_Leu_Asn
WO2017048029A1,SEQ_ID_NO_1,Phe_Leu_Arg_Phe_Ile_Gly_Ser_Val_Ile_His_Gly_Ile_Gly_His_Leu_Val_His_His_Ile_Gly_Val_Ala_Leu
WO2017048029A1,SEQ_ID_NO_2,Phe_Leu_Arg_Phe_Ile_Gly_Ser_Val_Lys_His_Gly_Lys_Gly_His_Leu_Val_His_His_Ile_Gly_Val_Ala_Leu
WO2017119756A1,SEQ_ID_NO_1,Arg_Phe_Ile_Pro_Lys_Leu_Thr_Glu_Ser_Thr_Arg_Arg_Ile_Ala_Ala_Ser
WO2019246028A1,SEQ_ID_NO_1,Thr_Thr_Asn_Tyr_Thr
WO2019246028A1,SEQ_ID_NO_2,Ser_Ser_Thr_Tyr_Arg
WO2019246028A1,SEQ_ID_NO_3,Ser_Thr_Asn_Tyr_Thr
WO2019246028A1,SEQ_ID_NO_4,Thr_Thr_Ser_Tyr_Thr
WO2019246028A1,SEQ_ID_NO_5,Asn_Thr_Ser_Tyr_Gly
WO2019246028A1,SEQ_ID_NO_6,Glu_Thr_Trp_Tyr_Ser
WO2019246028A1,SEQ_ID_NO_7,Asn_Thr_Ser_Tyr_Arg
WO2019246028A1,SEQ_ID_NO_8,Ile_Asn_Asn_Tyr_Thr
WO2019246028A1,SEQ_ID_NO_9,Ile_Asp_Asn_Tyr_Thr
WO2019246028A1,SEQ_ID_NO_10,Thr_Asp_Asn_Tyr_Thr
WO2019246028A1,SEQ_ID_NO_11,Thr_Asp_Ser_Tyr_Ser
WO2019246028A1,SEQ_ID_NO_12,Thr_Asn_Ser_Tyr_Arg
WO2019246028A1,SEQ_ID_NO_13,Asn_Thr_Arg_Tyr_Arg
WO2019246028A1,SEQ_ID_NO_14,Ala_Ser_Thr_Thr_Thr_Asn_Tyr_Thr
WO2020018315A2,SEQ_ID_NO_1,Thr_Thr_Asn_Tyr_Thr
WO2020018315A2,SEQ_ID_NO_2,Ser_Ser_Thr_Tyr_Arg
WO2020018315A2,SEQ_ID_NO_3,Ser_Thr_Asn_Tyr_Thr
WO2020018315A2,SEQ_ID_NO_4,Thr_Thr_Ser_Tyr_Thr
WO2020018315A2,SEQ_ID_NO_5,Asn_Thr_Ser_Tyr_Gly
WO2020018315A2,SEQ_ID_NO_6,Glu_Thr_Trp_Tyr_Ser
WO2020018315A2,SEQ_ID_NO_7,Asn_Thr_Ser_Tyr_Arg
WO2020018315A2,SEQ_ID_NO_8,Ile_Asn_Asn_Tyr_Thr
WO2020018315A2,SEQ_ID_NO_9,Ile_Asp_Asn_Tyr_Thr
WO2020018315A2,SEQ_ID_NO_10,Thr_Asp_Asn_Tyr_Thr
WO2020018315A2,SEQ_ID_NO_11,Thr_Asp_Ser_Tyr_Ser
WO2020018315A2,SEQ_ID_NO_12,Thr_Asn_Ser_Tyr_Arg
WO2020018315A2,SEQ_ID_NO_13,Asn_Thr_Arg_Tyr_Arg
WO2020018315A2,SEQ_ID_NO_14,Ala_Ser_Thr_Thr_Thr_Asn_Tyr_Thr
WO2020018315A2,SEQ_ID_NO_15,Gly_Thr_Thr_Asn_Tyr_Thr
WO2020176478A1,SEQ_ID_NO_1,Leu_Arg_Glu_Leu_His_Leu_Asn_Asn_Asn_Cys
WO2020176478A1,SEQ_ID_NO_2,Leu_Arg_Glu_Leu_His_Leu_Asp_Asn_Asn_Cys
WO2020176478A1,SEQ_ID_NO_9,Arg_Arg_Arg_Pro_Lys_Gly_Arg_Gly_Lys_Arg_Arg_Arg_Glu_Lys_Gln_Arg_Pro_Thr_Asp_Cys_His_Leu_Cys_Gly_Asp_Ala_Val_Pro_Arg_Arg
WO2020176478A1,SEQ_ID_NO_10,Arg_Arg_Arg_Pro_Lys_Gly_Arg_Gly_Lys_Arg_Arg_Arg_Glu_Lys_Gln_Arg_Pro_Thr_Asp_Cys_His_Leu
WO2020176478A1,SEQ_ID_NO_11,Arg_Arg_Pro_Lys_Gly_Arg_Gly_Lys_Arg_Arg_Arg_Glu_Lys_Gln_Arg_Pro_Thr_Asp
WO2020176478A1,SEQ_ID_NO_12,Arg_Arg_Arg_Pro_Lys_Gly_Arg_Gly_Lys_Arg_Arg_Arg_Glu_Lys_Gln
WO2020176478A1,SEQ_ID_NO_13,Gly_Lys_Arg_Arg_Arg_Glu_Lys_Gln
WO2020176478A1,SEQ_ID_NO_14,Arg_Arg_Arg_Pro_Lys_Gly_Arg_Gly
WO2020176478A1,SEQ_ID_NO_15,Arg_Arg_Lys_Thr_Lys_Gly_Lys_Arg_Lys_Arg_Ser_Arg_Asn_Ser_Gln_Thr_Glu_Glu_Pro_His_Pro
WO2020176478A1,SEQ_ID_NO_17,Gly_Arg_Arg_Glu_Glu_Lys_Val_Gly_Lys_Lys_Glu_Lys_Ile_Gly_Lys_Lys_Lys_Arg_Gln_Lys_Lys_Arg_Lys_Ala_Ala_Gln_Lys_Arg_Lys_Asn
WO2020176478A1,SEQ_ID_NO_48,Gly_Gly_Gly_Ser_Gly_Gly_Gly_Ser
WO2020176478A1,SEQ_ID_NO_49,Gly_Gly_Gly_Ser_Gly_Gly_Gly_Ser_Gly_Gly_Gly_Ser_Gly_Gly_Gly_Ser_Gly_Gly_Gly_Ser_Gly_Gly_Gly_Ser_Gly_Gly_Gly_Ser_Gly_Gly_Gly_Ser_Gly_Gly_Gly_Ser_Gly_Gly_Gly_Ser
WO2020176478A1,SEQ_ID_NO_67,His_His_His_His_His_His
WO2020176478A1,SEQ_ID_NO_68,Ser_Tyr_Ile_Arg_Ile_Ala_Asp_Thr_Asn_Ile_Thr
WO2020176478A1,SEQ_ID_NO_69,Leu_Arg_Glu_Leu_His_Leu_Asn_Asn_Asn_Cys
WO2021152119A1,SEQ_ID_NO_1,Gly_Leu_Ser_Lys_Gly_Cys_Phe_Gly_Leu_Lys_Leu_Asp_Arg_Ile_Gly_Ser_Met_Ser_Gly_Leu_Gly_Cys
WO2021152119A1,SEQ_ID_NO_2,Ser_Pro_Lys_Met_Val_Gln_Gly_Ser_Gly_Cys_Phe_Gly_Arg_Lys_Met_Asp_Arg_Ile_Ser_Ser_Ser_Ser_Gly_Leu_Gly_Cys_Lys_Val_Leu_Arg_Arg_His
WO2021152119A1,SEQ_ID_NO_3,His_Ser_Asp_Gly_Ile_Phe_Thr_Asp_Ser_Tyr_Ser_Arg_Tyr_Arg_Lys_Gln_Met_Ala_Val_Lys_Lys_Tyr_Leu_Ala_Ala_Val_Leu
WO2021152119A1,SEQ_ID_NO_4,His_Ser_Asp_Gly_Ile_Phe_Thr_Asp_Ser_Tyr_Ser_Arg_Tyr_Arg_Lys_Gln_Met_Ala_Val_Lys_Lys_Tyr_Leu_Ala_Ala_Val_Leu_Gly_Lys_Arg_Tyr_Lys_Gln_Arg_Val_Lys_Asn_Lys
WO2021152119A1,SEQ_ID_NO_6,His_Ser_Asp_Ala_Val_Phe_Thr_Asp_Asn_Tyr_Thr_Arg_Leu_Arg_Lys_Gln_Met_Ala_Val_Lys_Lys_Tyr_Leu_Asn_Ser_Ile_Leu_Asn
WO2021152119A1,SEQ_ID_NO_7,Ser_Tyr_Ser_Met_Glu_His_Phe_Arg_Trp_Gly_Lys_Pro_Val
WO2021152119A1,SEQ_ID_NO_8,Pro_Tyr_Val_Ala_Leu_Phe_Glu_Lys_Cys_Cys_Leu_Ile_Gly_Cys_Thr_Lys_Arg_Ser_Leu_Ala_Lys_Tyr_Cys
WO2021152119A1,SEQ_ID_NO_9,Val_Ala_Ala_Lys_Trp_Lys_Asp_Asp_Val_Ile_Lys_Leu_Cys_Gly_Arg_Glu_Leu_Val_Arg_Ala_Gln_Ile_Ala_Ile_Cys_Gly_Met_Ser_Thr_Trp_Ser
WO2021152119A1,SEQ_ID_NO_10,Gln_Leu_Tyr_Ser_Ala_Leu_Ala_Asn_Lys_Cys_Cys_His_Val_Gly_Cys_Thr_Lys_Arg_Ser_Leu_Ala_Arg_Phe_Cys
WO2021152119A1,SEQ_ID_NO_11,Asp_Ser_Trp_Met_Glu_Glu_Val_Ile_Lys_Leu_Cys_Gly_Arg_Glu_Leu_Val_Arg_Ala_Gln_Ile_Ala_Ile_Cys_Gly_Met_Ser_Thr_Trp_Ser
WO2021152119A1,SEQ_ID_NO_12,Asp_Val_Leu_Ala_Gly_Leu_Ser_Ser_Ser_Cys_Cys_Lys_Trp_Gly_Cys_Ser_Lys_Ser_Glu_Ile_Ser_Ser_Leu_Cys
WO2021152119A1,SEQ_ID_NO_13,Arg_Ala_Ala_Pro_Tyr_Gly_Val_Arg_Leu_Cys_Gly_Arg_Glu_Phe_Ile_Arg_Ala_Val_Ile_Phe_Thr_Cys_Gly_Gly_Ser_Arg_Trp
WO2021242045A1,SEQ_ID_NO_1,Cys_Gln_Ile_Thr_Thr_Leu_Arg_Leu_Ser_Asn_Asn
WO2021242045A1,SEQ_ID_NO_2,Glu_Ala_Ile_Gln_Arg_His_Arg_Arg_Asn_Leu
WO2021242045A1,SEQ_ID_NO_3,Arg_Lys_Thr_Thr_Leu_Gln_Arg_Val_Gly_Lys
WO2021242045A1,SEQ_ID_NO_4,Arg_Ala_Arg_Lys_Leu_Gly_Leu_Gln_Leu_Asn
WO2022212428A1,SEQ_ID_NO_1,Gln_Arg_Arg_Ser_Pro_Pro
WO2022212428A1,SEQ_ID_NO_2,Tyr_Gly_Arg_Lys_Lys_Arg_Arg_Gln_Arg_Arg_Arg_Gly_Gly_Leu_Ser_Ser_Pro_Leu_Ala_Leu_Pro_Ser_Gln_Arg_Arg_Ser_Pro_Pro_Glu_Glu
WO2022212428A1,SEQ_ID_NO_3,Tyr_Gly_Arg_Lys_Lys_Arg_Arg_Gln_Arg_Arg_Arg_Gly_Gly_Leu_Ser_Ser_Pro_Leu_Ala_Leu_Pro_Ser_Gly_Gly_Gly_Gly_Gly_Gly_Glu_Glu
WO2022212428A1,SEQ_ID_NO_9,His_His_His_His_His_His
WO2023055009A1,SEQ_ID_NO_1,SVSVGMKPSPRP
WO2023055009A1,SEQ_ID_NO_2,tgagtggtagccagcaaagc
WO2023055009A1,SEQ_ID_NO_3,ctgcagtccaggttcaatgg
WO2023055009A1,SEQ_ID_NO_4,gaggtcaacaacccacaggt
WO2023055009A1,SEQ_ID_NO_5,gggacaatctcttccccacc
WO2023055009A1,SEQ_ID_NO_6,aacatccaaccttcccaaacg
WO2023055009A1,SEQ_ID_NO_7,gaccctaagcccccaattctc
WO2023055009A1,SEQ_ID_NO_8,atcattcaccaggcaaattgc
WO2023055009A1,SEQ_ID_NO_9,ggcttcagcataaagcgtttg
WO2023055009A1,SEQ_ID_NO_10,aaagaggcactgccagaaaa
WO2023055009A1,SEQ_ID_NO_11,atctgaggtgcccatgctac
WO2023055009A1,SEQ_ID_NO_12,gaaggtgcagttttgccaag
WO2023055009A1,SEQ_ID_NO_13,accctctgcacccagttttc
WO2023055009A1,SEQ_ID_NO_14,ggagccaaaagggtcatcat
WO2023055009A1,SEQ_ID_NO_15,gtgatggcatggactgtggt
WO2023080578A1,SEQ_ID_NO_1,ERRPRGRRRGRKC
WO2023080578A1,SEQ_ID_NO_2,ERRPRGRRRGRK
WO2023080578A1,SEQ_ID_NO_3,RRPRGRRRGRKC
WO2023080578A1,SEQ_ID_NO_4,PRGRRRGRKC
WO2023080578A1,SEQ_ID_NO_5,ERRPRGRRRG
WO2023080578A1,SEQ_ID_NO_6,EKKPRGKKKGRKC
WO2023080578A1,SEQ_ID_NO_7,RRPRRRRGRKC
WO2023080578A1,SEQ_ID_NO_8,ERRPRGRGR
WO2023080578A1,SEQ_ID_NO_9,RPRGRGRKC
WO2023080578A1,SEQ_ID_NO_10,KKPERRPRGRRRGRKCG
WO2023080578A1,SEQ_ID_NO_11,SKKPERRPRGRRRGRKC
WO2023080578A1,SEQ_ID_NO_12,ERRPR
WO2023080578A1,SEQ_ID_NO_13,RPRGR
WO2023080578A1,SEQ_ID_NO_14,PRGRR
WO2023080578A1,SEQ_ID_NO_15,RGRRR
WO2023080578A1,SEQ_ID_NO_16,PGRKC
WO2023080578A1,SEQ_ID_NO_17,gagagaagaccaagaggtcggagaagaggtagaaaatgt
WO2023080578A1,SEQ_ID_NO_18,gagagaagaccaagaggtcggagaagaggtagaaaa
WO2023080578A1,SEQ_ID_NO_19,agaagaccaagaggtcggagaagaggtagaaaatgt
WO2023080578A1,SEQ_ID_NO_20,ccaagaggtcggagaagaggtagaaaatgt
WO2023080578A1,SEQ_ID_NO_21,gagagaagaccaagaggtcggagaagaggt
WO2023080578A1,SEQ_ID_NO_22,gagaaaaaaccaagaggtaaaaaaaaaggtagaaaatgt
WO2023080578A1,SEQ_ID_NO_23,agaagaccaagacggagaagaggtagaaaatgt
WO2023080578A1,SEQ_ID_NO_24,agagaagaccaagaggtcggggtaga
WO2023080578A1,SEQ_ID_NO_25,agaccaagaggtcggggtagaaaatgt
WO2023080578A1,SEQ_ID_NO_28,gagagaagaccaaga
WO2023080578A1,SEQ_ID_NO_29,agaccaagaggtcgg
WO2023080578A1,SEQ_ID_NO_30,ccaagaggtcggaga
WO2023080578A1,SEQ_ID_NO_31,agaggtcggagaaga
WO2023080578A1,SEQ_ID_NO_32,agaggtagaaaatgt
WO2023158178A1,SEQ_ID_NO_1,GKCSTRGRKSSRRKK
WO2023211198A1,SEQ_ID_NO_1,RWRYKVX
WO2023211198A1,SEQ_ID_NO_2,RWRYKVX
WO2023211198A1,SEQ_ID_NO_3,WRYKVX
WO2023211198A1,SEQ_ID_NO_4,KWKYKVX
WO2023211198A1,SEQ_ID_NO_5,RMRYKVX
WO2023211198A1,SEQ_ID_NO_6,RMRYKVX
WO2023211198A1,SEQ_ID_NO_7,RMRYKVX
WO2023211198A1,SEQ_ID_NO_8,RMRYKVX
WO2023211198A1,SEQ_ID_NO_9,KMKYKVX
WO2023211198A1,SEQ_ID_NO_10,KMKYKVX
WO2023211198A1,SEQ_ID_NO_11,KMKYKVX
WO2023211198A1,SEQ_ID_NO_12,KMKYKVX
WO2023211198A1,SEQ_ID_NO_13,MRYKVX
WO2023211198A1,SEQ_ID_NO_14,MRYKVX
WO2023211198A1,SEQ_ID_NO_15,MRYKVX
WO2023211198A1,SEQ_ID_NO_16,MRYKVX
WO2023211198A1,SEQ_ID_NO_17,MKYKVX
WO2023211198A1,SEQ_ID_NO_18,MKYKVX
WO2023211198A1,SEQ_ID_NO_19,MKYKVX
WO2023211198A1,SEQ_ID_NO_20,MKYKVX
WO2023211198A1,SEQ_ID_NO_21,HMKYKVX
WO2023211198A1,SEQ_ID_NO_22,HMKYKVX
WO2023211198A1,SEQ_ID_NO_23,HMKYKVX
WO2023211198A1,SEQ_ID_NO_24,HMKYKVX
WO2023211198A1,SEQ_ID_NO_25,PMKYKVX
WO2023211198A1,SEQ_ID_NO_26,PMKYKVX
WO2023211198A1,SEQ_ID_NO_27,PMKYKVX
WO2023211198A1,SEQ_ID_NO_28,PMKYKVX
WO2023211198A1,SEQ_ID_NO_29,RWRYRVX
WO2023211198A1,SEQ_ID_NO_30,RMRYRVX
WO2023211198A1,SEQ_ID_NO_31,HMRYRVX
WO2023211198A1,SEQ_ID_NO_32,RWRYKYX
WO2023211198A1,SEQ_ID_NO_33,RWRYKYX
WO2023211198A1,SEQ_ID_NO_34,RWRYKYX
WO2023211198A1,SEQ_ID_NO_35,WRYKYX
WO2023211198A1,SEQ_ID_NO_36,KWKYKYX
WO2023211198A1,SEQ_ID_NO_37,HWKYKYX
WO2023211198A1,SEQ_ID_NO_38,RMRYKYX
WO2023211198A1,SEQ_ID_NO_39,RMRYKYX
WO2023211198A1,SEQ_ID_NO_40,RMRYKYX
WO2023211198A1,SEQ_ID_NO_41,MRYKYX
WO2023211198A1,SEQ_ID_NO_42,MRYKYX
WO2023211198A1,SEQ_ID_NO_43,MRYKYX
WO2023211198A1,SEQ_ID_NO_44,HMRYKYX
WO2023211198A1,SEQ_ID_NO_45,HMRYKYX
WO2023211198A1,SEQ_ID_NO_46,PMRYKYX
WO2023211198A1,SEQ_ID_NO_47,PMRYKYX
WO2023211198A1,SEQ_ID_NO_48,RWRYRYX
WO2023211198A1,SEQ_ID_NO_49,MRYRYX
WO2023211198A1,SEQ_ID_NO_50,RMRYKPX
WO2023211198A1,SEQ_ID_NO_51,RMRYKPX
WO2023211198A1,SEQ_ID_NO_52,RMRYKPX
WO2023211198A1,SEQ_ID_NO_53,RMRYKPX
WO2023211198A1,SEQ_ID_NO_54,MRYKPX
WO2023211198A1,SEQ_ID_NO_55,MRYKPX
WO2023211198A1,SEQ_ID_NO_56,MRYKPX
WO2023211198A1,SEQ_ID_NO_57,MRYKPX
WO2023211198A1,SEQ_ID_NO_58,HMRYKPX
WO2023211198A1,SEQ_ID_NO_59,HMRYKPX
WO2023211198A1,SEQ_ID_NO_60,HMRYKPX
WO2023211198A1,SEQ_ID_NO_61,HMRYKPX
WO2023211198A1,SEQ_ID_NO_62,PMRYKPX
WO2023211198A1,SEQ_ID_NO_63,PMRYKPX
WO2023211198A1,SEQ_ID_NO_64,PMRYKPX
WO2023211198A1,SEQ_ID_NO_65,PMRYKPX
WO2023211198A1,SEQ_ID_NO_66,KMKYKPX
WO2023211198A1,SEQ_ID_NO_67,KMKYKPX
WO2023211198A1,SEQ_ID_NO_68,KMKYKPX
WO2023211198A1,SEQ_ID_NO_69,KMKYKPX
WO2023211198A1,SEQ_ID_NO_70,MKYKPX
WO2023211198A1,SEQ_ID_NO_71,MKYKPX
WO2023211198A1,SEQ_ID_NO_72,MKYKPX
WO2023211198A1,SEQ_ID_NO_73,MKYKPX
WO2023211198A1,SEQ_ID_NO_74,RWRYKPX
WO2023211198A1,SEQ_ID_NO_75,RWRYKPX
WO2023211198A1,SEQ_ID_NO_76,WRYKPX
WO2023211198A1,SEQ_ID_NO_77,RWRYWYX
WO2023211198A1,SEQ_ID_NO_78,RWRYWYX
WO2023211198A1,SEQ_ID_NO_79,WRYWYX
WO2023211198A1,SEQ_ID_NO_80,KWKYWYX
WO2023211198A1,SEQ_ID_NO_81,RMRYWYX
WO2023211198A1,SEQ_ID_NO_82,RMRYWYX
WO2023211198A1,SEQ_ID_NO_83,RMRYWYX
WO2023211198A1,SEQ_ID_NO_84,RMRYWYX
WO2023211198A1,SEQ_ID_NO_85,MRYWYX
WO2023211198A1,SEQ_ID_NO_86,MRYWYX
WO2023211198A1,SEQ_ID_NO_87,MRYWYX
WO2023211198A1,SEQ_ID_NO_88,MRYWYX
WO2023211198A1,SEQ_ID_NO_89,MKYWYX
WO2023211198A1,SEQ_ID_NO_90,MKYWYX
WO2023211198A1,SEQ_ID_NO_91,MKYWYX
WO2023211198A1,SEQ_ID_NO_92,HMRYWYX
WO2023211198A1,SEQ_ID_NO_93,HMRYWYX
WO2023211198A1,SEQ_ID_NO_94,RWRYYVX
WO2023211198A1,SEQ_ID_NO_95,WRYYVX
WO2023211198A1,SEQ_ID_NO_96,KWKYYVX
WO2023211198A1,SEQ_ID_NO_97,RMRYYVX
WO2023211198A1,SEQ_ID_NO_98,RMRYYVX
WO2023211198A1,SEQ_ID_NO_99,RMRYYVX
WO2023211198A1,SEQ_ID_NO_100,MRYYVX
WO2023211198A1,SEQ_ID_NO_101,RWRYWVX
WO2023211198A1,SEQ_ID_NO_102,WRYWVX
WO2023211198A1,SEQ_ID_NO_103,KWKYWVX
WO2023211198A1,SEQ_ID_NO_104,RMRYWVX
WO2023211198A1,SEQ_ID_NO_105,MRYWVX
WO2023211198A1,SEQ_ID_NO_106,RMRYWPX
WO2023211198A1,SEQ_ID_NO_107,RMRYWPX
WO2023211198A1,SEQ_ID_NO_108,RMRYWPX
WO2023211198A1,SEQ_ID_NO_109,RMRYWPX
WO2023211198A1,SEQ_ID_NO_110,MRYWPX
WO2023211198A1,SEQ_ID_NO_111,MRYWPX
WO2023211198A1,SEQ_ID_NO_112,MRYWPX
WO2023211198A1,SEQ_ID_NO_113,MKYWPX
WO2023211198A1,SEQ_ID_NO_114,MKYWPX
WO2023211198A1,SEQ_ID_NO_115,MKYWPX
WO2023211198A1,SEQ_ID_NO_116,MKYWPX
WO2023211198A1,SEQ_ID_NO_117,RWRYWPX
WO2023211198A1,SEQ_ID_NO_118,WRYWPX
WO2023211198A1,SEQ_ID_NO_119,RMRYYPX
WO2023211198A1,SEQ_ID_NO_120,MRYYPX
WO2023211198A1,SEQ_ID_NO_121,RWRYYPX
WO2023211198A1,SEQ_ID_NO_122,WRYYPX
WO2023211198A1,SEQ_ID_NO_123,RWRYYYX
WO2023211198A1,SEQ_ID_NO_124,WRYYYX
WO2023211198A1,SEQ_ID_NO_125,RMRYYYX
WO2023211198A1,SEQ_ID_NO_126,MRYYYX
WO2023211198A1,SEQ_ID_NO_127,HMKYYYX
WO2023211198A1,SEQ_ID_NO_128,IKFWYX
WO2023211198A1,SEQ_ID_NO_129,IKFWMX
WO2023211198A1,SEQ_ID_NO_130,IKKWMX
WO2023211198A1,SEQ_ID_NO_131,IKFKYX
WO2023211198A1,SEQ_ID_NO_132,IKFKVX
WO2023211198A1,SEQ_ID_NO_133,IKFKPX
WO2023211198A1,SEQ_ID_NO_134,IKYKVX
WO2023211198A1,SEQ_ID_NO_135,IKYKVX
WO2023211198A1,SEQ_ID_NO_136,IKYKVX
WO2023211198A1,SEQ_ID_NO_137,IKYKVX
WO2023211198A1,SEQ_ID_NO_138,PKYKVX
WO2023211198A1,SEQ_ID_NO_139,PKYKVX
WO2023211198A1,SEQ_ID_NO_140,PKYKVX
WO2023211198A1,SEQ_ID_NO_141,PKYKVX
WO2023211198A1,SEQ_ID_NO_142,IKYKPX
WO2023211198A1,SEQ_ID_NO_143,IKYKPX
WO2023211198A1,SEQ_ID_NO_144,IKYKPX
WO2023211198A1,SEQ_ID_NO_145,IKYKPX
WO2023211198A1,SEQ_ID_NO_146,HKYKPX
WO2023211198A1,SEQ_ID_NO_147,HKYKPX
WO2023211198A1,SEQ_ID_NO_148,HKYKPX
WO2023211198A1,SEQ_ID_NO_149,HKYKPX
WO2023211198A1,SEQ_ID_NO_150,HKYWPX
WO2023211198A1,SEQ_ID_NO_151,HKYWPX
WO2023211198A1,SEQ_ID_NO_152,RWRYRIX
WO2023211198A1,SEQ_ID_NO_153,RWRYRTX
WO2023211198A1,SEQ_ID_NO_154,RWRYLYX
WO2023211198A1,SEQ_ID_NO_155,RWRYNYX
WO2023211198A1,SEQ_ID_NO_156,RWRYFYX
WO2023211198A1,SEQ_ID_NO_157,RWRYTYX
WO2023211198A1,SEQ_ID_NO_158,RWRYLVX
WO2023211198A1,SEQ_ID_NO_159,RWRYNVX
WO2023211198A1,SEQ_ID_NO_160,RWRYFVX
